{"atk": 6, "def": 4, "spd": 4, "dge": 1, "denar": 10, "game_n": 1, "mode": "trgovina", "x": 5.836701393127441, "y": 37.7127480506897, "hp": 100, "objects": {"svet": [[230, 50, 310, 44, "zacetna_hisa"], [390, 100, 400, -100, "svet_desno"], [-400, 100, -390, -100, "svet_levo"]], "zacetna_hisa": [[-50, -245, 50, -1000, "svet"], [-60, 300, 60, 90, "chest"]], "svet_desno": [[-400, 100, -390, -100, "svet"]], "svet_levo": [[390, 100, 400, -100, "svet"], [-130, -195, -90, -205, "trgovina"]], "start_fight": [[1000, 1000, 1000, 1000, "neki"]], "fight_screen_monster": [[1000, 1000, 1000, 1000, "neki"]], "trgovina": [[-30, -93, 30, -120, "svet_levo"]]}, "monsters": [{"atk": 5, "def": 5, "spd": 5, "dge": 5, "slika": "oh no zojooooo\\slike\\golem.gif", "svet": "svet_desno", "x": 250, "y": 0, "hp": 50, "alive": "true"}]}